user,search query,post date-time,account status,account sentiment,account sentiment score,retweet status,retweet sentiment,retweet sentiment score,post location,tweet id,account subjectivity,account subjectivity score,retweet subjectivity,retweet subjectivity score
icosuccess,Nuro autonomous robot,2020-01-05 04:42:31,Nuro: The Autonomous Robot That‚Äôs Delivering #crypto https://t.co/pdMlTyrXY2,positive,0.4,,,,,1213682164094717952,subjective,0.7,,
HoustonReddit,Nuro autonomous robot,2020-02-06 16:17:02,Nuro is launching a new 100% autonomous robot grocery delivery vehicle in Houston in the next few weeks https://t.co/DXGKvcB1ei [https://t.co/70t2v3LB97],positive,0.08409090909090909,,,,,1225453354022817792,objective,0.31363636363636366,,
Marcos_Panaggio,Nuro autonomous robot,2020-02-24 13:46:53,"Hola Red!
En este post junto a OBS Business School, EEUU aprueba el despliego de Nuro, con destino al transporte de mercanc√≠as, √∫nicamente (por el momento)
 #logistics #autonomous #robot #AGV #lastmiledelivery https://t.co/PZDZ9SAE0E",positive,0.2,,,,,1231938549190098946,objective,0.35,,
GorillaCircuits,Nuro autonomous robot,2020-05-28 17:01:44,"Autonomous robot company, Nuro, is partnering with CVS to deliver essentials in Texas!

#technews #technology #NEW #Robotics 
https://t.co/51vG60569K",positive,0.3181818181818182,,,,,1266052045037023232,subjective,0.5772727272727273,,
financialbuzz,Pony AI autonomous driving,2020-02-26 17:31:41,"Autonomous Driving Company https://t.co/nkQKub3qfu Raises USD 400 Million from Toyota

$TM #AutonomousDriving #ElectricVehicles #Pony.AI #technology #Toyota
https://t.co/6LrKUF51Jp https://t.co/iw0LinYb2q",positive,0.4,,,,,1232719898482282503,subjective,0.7,,
EdLudlow,Pony AI autonomous driving,2020-02-26 05:10:01,"Toyota has invested an additional $400 million into autonomous driving startup Pony ai. It takes their valuation beyond $3 billion.

Watch my interview with Pony‚Äôs CEO here: https://t.co/OyB6MQC8m4",positive,0.4,,,,"Place(_api=<tweepy.api.API object at 0x1182f6a00>, id='5a110d312052166f', url='https://api.twitter.com/1.1/geo/id/5a110d312052166f.json', place_type='city', name='San Francisco', full_name='San Francisco, CA', country_code='US', country='United States', contained_within=[], bounding_box=BoundingBox(_api=<tweepy.api.API object at 0x1182f6a00>, type='Polygon', coordinates=[[[-122.514926, 37.708075], [-122.357031, 37.708075], [-122.357031, 37.833238], [-122.514926, 37.833238]]]), attributes={})",1232533254416171009,subjective,0.7,,
viviane41861305,Pony AI autonomous driving,2020-02-26 03:52:50,"#Autonomous driving #startup #Pony.ai raises $500 million in Toyota-led funding.
The firm is focusing on achieving ‚ÄúLevel 4‚Äù, or fully #autonomous standards, in which the car can handle all aspects of driving in with no human intervention. #AI https://t.co/WCgn82DL1F",positive,0.15000000000000002,,,,,1232513830053437441,objective,0.47500000000000003,,
akihabaranews,Pony AI autonomous driving,2020-02-29 08:59:26,"Pony ai, an autonomous driving company, announces today that it has raised US$400 million from Toyota Motor Corporation to deepen and expand the two companies‚Äô collaboration in mobility services. #Toyota #PonyAi @PonyAI_tech https://t.co/JYg7KqBz89",positive,0.4,,,,,1233678149956833280,subjective,0.7,,
InfoseekChina,Pony AI autonomous driving,2020-04-17 14:52:47,"(Bloomberg) Autonomous-Driving Startup Pony ai Takes On Last-Mile Delivery 
https://t.co/HZnreVt1E3 https://t.co/J2sVjqRX9l",neutral,0.0,,,,,1251161691682861056,very objective,0.0,,
luismorozcov,Pony AI autonomous driving,2020-04-17 02:04:25,Autonomous-Driving Startup #Pony.ai Takes On Last-Mile Delivery https://t.co/ldmijpmGsX,neutral,0.0,,,,,1250968326790152192,very objective,0.0,,
IAM__Network,self driving expert,2020-01-01 17:39:50,"IAM Platform Curated Tweet:

30-40% Of Tesla Owners Buy Autopilot (But Full Self Driving Is Three Years Away, Expert Says) 

https://t.co/Fyi8JR4oSl

#AutonomousVehicles #Autopilot #Cars #Cities #Drones #FutureWP2TWTR2",positive,0.35,,,,,1212428228520022016,subjective,0.55,,
IAM__Network,self driving expert,2020-01-03 09:09:59,"IAM Platform Curated Tweet:

30-40% Of Tesla Owners Buy Autopilot (But Full Self Driving Is Three Years Away, Expert Says) 

https://t.co/Fyi8JR4oSl

#AutonomousVehicles #Autopilot #Cars #Cities #Drones #FutureWP2TWTR2",positive,0.35,,,,,1213024696440152064,subjective,0.55,,
Theelonews,self driving expert,2020-01-06 23:40:47,"Person 1:  [on Autopilot, has a single bad experience, at a single moment in time with undefined variables]

Person 1 [takes to twitter as an autonomy expert]:  ‚ÄòFull self driving is a full 10-15 years away and Autopilot in its current incarnation is a danger to society‚Äô

ü§¶‚Äç‚ôÇÔ∏è",negative,-0.12755102040816327,,,,,1214331003650629634,subjective,0.5136054421768708,,
SelfDrivingFEED,self driving expert,2020-01-07 02:42:24,Self-driving Car Technology Market Analysis by Geography Trends 2025 ‚Äì Expert R... https://t.co/SFW6hP33yu #autonomousCar #selfDrivingCar,neutral,0.0,,,,,1214376710147395585,very objective,0.0,,
qrspWUTANG,self driving expert,2020-01-10 13:03:36,@1nf1d3lc4str0 @SneakerDave Grab an actual OG 3- I‚Äôm sure there r sketches and a list of materials used. Scan the shoe for exact specifications. Create the shoe. Bro I‚Äôm not acting like I‚Äôm some manufacturing expert. Im saying in n age where we have self driving cars- Nike should be able to crate a replica,positive,0.25,,,,,1215620205839298561,objective,0.37277777777777776,,
TeslaScoop,self driving expert,2020-01-10 02:07:36,"@greentheonly @John011235 @BrandonLive @Bfklin @gwestr As an expert on AI I confirm, self driving is possible (90% of cases covered by AP) but @elonmusk oversimplifies it. In his mind stop lights &amp; signs is whats left.. in reality they need a state engine much more powerful. Current iteration forgets about object it seen a second ago",positive,0.13333333333333333,,,,,1215455116058337280,objective,0.48333333333333334,,
danvzla,self driving expert,2020-01-11 21:15:52,Expert: We Won‚Äôt Have Self-Driving Cars For a Decade https://t.co/iYH1ABbRGS via @cnaintelligence,neutral,0.0,,,,,1216106476336566272,very objective,0.0,,
mdoyle913,self driving expert,2020-01-11 07:11:34,"2/2 And yet, a full 4 or 5 hours later they're still driving around aimlessly and being overtly self-aware before somebody has the genius idea they could just go drink beer in the woods. I was not a party expert in high school at all, but this seems a pretty obvious Plan B, no?",positive,0.152,,,,,1215894000856653824,subjective,0.518,,
mrpeterivan,self driving expert,2020-01-14 22:01:38,"Are self-driving cars safe? Expert on how we will drive in the future    
https://t.co/KEbwnpQZrt",positive,0.25,,,,,1217205156594552834,objective,0.3125,,
SelfDrivingFEED,self driving expert,2020-01-14 20:12:24,Are self-driving cars safe? Expert on how we will drive in the future https://t.co/oW8P0VltZg #autonomousCar #selfDrivingCar,positive,0.25,,,,,1217177668602515457,objective,0.3125,,
Amina_Hamoud,self driving expert,2020-01-14 19:43:34,Are self-driving cars safe? Expert on how we will drive in the future https://t.co/fg4UT02GXG via @ConversationUK,positive,0.25,,,,,1217170411588288512,objective,0.3125,,
Liz101,self driving expert,2020-01-14 18:56:23,Are self-driving cars safe? Expert on how we will drive in the future #SmartNews  https://t.co/G5EDbx3TeQ,positive,0.25,,,,,1217158538117541888,objective,0.3125,,
JeroenBartelse,self driving expert,2020-01-14 18:27:27,"Are self-driving cars safe? Expert on how we will drive in the future 
https://t.co/Jj5xBsRmqO
via @ConversationUK 
#SelfDrivingCars #DriverlessCars #driverless #autonomous #SelfDriving #insurtech #AI
@SpirosMargaris @albertogaruccio @FGraillot https://t.co/1CcTMlsVcV",positive,0.3,,,,,1217151257045098499,objective,0.44166666666666665,,
thomas_druyen,self driving expert,2020-01-15 15:30:26,Are self-driving cars safe? Expert on how we will drive in the future https://t.co/JfF54H0lmN via @ConversationUK,positive,0.25,,,,"Place(_api=<tweepy.api.API object at 0x1182f6a00>, id='b7d3c12268abd20e', url='https://api.twitter.com/1.1/geo/id/b7d3c12268abd20e.json', place_type='city', name='D√ºsseldorf', full_name='D√ºsseldorf, Germany', country_code='DE', country='Germany', contained_within=[], bounding_box=BoundingBox(_api=<tweepy.api.API object at 0x1182f6a00>, type='Polygon', coordinates=[[[6.688728, 51.124357], [6.939888, 51.124357], [6.939888, 51.352537], [6.688728, 51.352537]]]), attributes={})",1217469096574570498,objective,0.3125,,
bzarkout,self driving expert,2020-01-15 15:29:25,"#AutonomousCars #ConnectedCars #SmartCities
Are self-driving cars safe? Expert on how we will drive in the future

https://t.co/HqerwzoMQc",positive,0.25,,,,,1217468840768045058,objective,0.3125,,
bimedotcom,self driving expert,2020-01-15 11:28:08,"Are self-driving cars safe? Expert on how we will drive in the future https://t.co/JPtk22jr32 via @ConversationUK
#SelfDrivingCars #AutonomousVehicles #AI",positive,0.25,,,,,1217408118293962752,objective,0.3125,,
HelenTurnerMI,self driving expert,2020-01-15 10:46:42,Are self-driving cars safe? Expert on how we will drive in the future https://t.co/SwlMnrVVum via @ConversationUK,positive,0.25,,,,,1217397691291856901,objective,0.3125,,
lajong11,self driving expert,2020-01-15 10:31:50,Are self-driving cars safe? Expert on how we will drive in the future https://t.co/PGNWtlSa5u via @ConversationUK,positive,0.25,,,,,1217393952405352450,objective,0.3125,,
Efma_news,self driving expert,2020-01-16 10:29:46,"Many questions surround self-driving cars and their potential impact on the car insurance industry. Efma‚Äôs @boplanti spoke with MIT expert @bryan_reimer to get his thoughts on the constantly evolving auto landscape
üëâ https://t.co/JExtKnEcAm
#VehicleInsurance #AI",positive,0.16666666666666666,,,,,1217755819250454528,subjective,0.611111111111111,,
jhanselman,self driving expert,2020-01-16 04:01:15,The rise of self-driving cars: the expert view from Dykema https://t.co/eTrYe3IzMA,neutral,0.0,,,,,1217658045125267456,very objective,0.0,,
Exhaustedpengu1,self driving expert,2020-01-17 13:55:52,@28delayslater I am an expert so I can say a lot about this. But the result is that nothing Elon Musk does or will do will work and I do hate it on a very emotional expert level. Seen him dancing? You trust such a man to create a self driving car?,negative,-0.26666666666666666,,,,,1218170074558803973,subjective,0.7483333333333334,,
BrandonLive,self driving expert,2020-01-18 18:56:15,"@letsrebelagain @imispgh @AlanZavari @Tesla @ElectrekCo @elonmusk ‚ÄúUnsupervised self-driving capability‚Äù means a system where the driver is not required to supervise the system or maintain control of the vehicle.

It has nothing to do with unsupervised learning, which is something I am quite expert in and has nothing to do with self-driving.",neutral,0.0,,,,"Place(_api=<tweepy.api.API object at 0x1182f6a00>, id='300bcc6e23a88361', url='https://api.twitter.com/1.1/geo/id/300bcc6e23a88361.json', place_type='city', name='Seattle', full_name='Seattle, WA', country_code='US', country='United States', contained_within=[], bounding_box=BoundingBox(_api=<tweepy.api.API object at 0x1182f6a00>, type='Polygon', coordinates=[[[-122.436232, 47.4953154], [-122.2249728, 47.4953154], [-122.2249728, 47.734319], [-122.436232, 47.734319]]]), attributes={})",1218608053588594688,very objective,0.0,,
c0d3tr4p,self driving expert,2020-01-18 18:36:47,"- not a security expert but can contribute and lead infosec (Security Owner of current team)
- quirky but easygoing personality
- self driving and ‚Äúconsider it taken care of‚Äù attitude
- potential for team leading but zero direct experience

DM for resume

Thank you",positive,0.025,,,,,1218603153865814016,subjective,0.7,,
brucenixontw,self driving expert,2020-01-18 17:34:58,Are self-driving cars safe? Expert on how we will drive in the future https://t.co/Cwb82b6Aqn via @ConversationUK,positive,0.25,,,,,1218587598253326339,objective,0.3125,,
InnovationMids,self driving expert,2020-01-18 14:43:58,Are self-driving cars safe? Expert on how we will drive in the future https://t.co/WBq7RTtVaZ via @ConversationUK,positive,0.25,,,,,1218544564262273024,objective,0.3125,,
jmdelbecq,self driving expert,2020-01-18 09:10:20,Are self-driving cars safe? Expert on how we will drive in the future https://t.co/PZvYEsnSN1 via @ConversationUK,positive,0.25,,,,,1218460604685520896,objective,0.3125,,
digitalfprint,self driving expert,2020-01-19 15:00:50,Are self-driving cars safe? Expert on how we will drive in the future https://t.co/jvJ0BcOx3C via @ConversationUK,positive,0.25,,,,,1218911197887651840,objective,0.3125,,
UKRobotics,self driving expert,2020-01-21 18:05:06,Are self-driving cars safe? Expert on how we will drive in the future via @ConversationUK https://t.co/uFMIVyCt6a #AutonomousSystems,positive,0.25,,,,,1219682344782700546,objective,0.3125,,
risedotglobal,self driving expert,2020-01-21 12:36:00,Are self-driving cars safe? Expert on how we will drive in the future https://t.co/G28m2XihkH,positive,0.25,,,,,1219599526572498944,objective,0.3125,,
Hypios_CI,self driving expert,2020-01-21 08:59:41,"#HypiosShare &lt;Are self-driving cars safe? Expert on how we will drive in the future&gt;

https://t.co/MhweeWsEjj

#OpenInnovation #CrowdInnovation #HiTech #Innovation #Automotive #Cars #FutureCars #Future #SelfDrivingCars",positive,0.25,,,,,1219545085278400512,objective,0.3125,,
UCL_Global,self driving expert,2020-01-22 15:59:17,"Dr @Jackstilgoe, a leading expert in automated vehicles @stsucl, is encouraging better public debate about the uncertainties and possibilities of self-driving vehicles on behalf of the UK Government #WEF20 https://t.co/pp1Vz1Uvb2",positive,0.25,,,,,1220013071701368833,objective,0.2833333333333333,,
maxsmolax,self driving expert,2020-01-22 12:40:28,"@charlottejee Spoke to an editor of a B2B car website recently, and the guy is 100% convinced we won't see self-driving on the roads before 2030. Supposed to be an expert",neutral,0.0,,,,,1219963038943645699,very objective,0.25,,
bimedotcom,self driving expert,2020-01-22 11:13:45,"Are self-driving cars safe? Expert on how we will drive in the future https://t.co/Kq1WplyK7H via @ConversationUK
#selfdriving #AutonomousVehicles #AI #IoT",positive,0.25,,,,,1219941214218260480,objective,0.3125,,
ChambersAssoc,self driving expert,2020-01-24 17:22:33,ICYMI: Self-driving cars are fast becoming a reality. Find out how their development has intersected with the law by checking out expert perspectives from @Dykema's attorneys: https://t.co/vuPj7wHwqh https://t.co/NVqlbWD3sK,positive,0.325,,,,,1220758803093905409,subjective,0.7250000000000001,,
28delayslater,self driving expert,2020-01-25 16:54:44,"‚ÄúWhy is it that #Tesla fans have such a hard time with an uninformed US senator using Tesla as a political stunt and using staged internet videos as evidence to get the name of Autopilot changed when there is no data connecting the name to any issues?‚Äù 

(Self driving expert) https://t.co/JMcDUwSc47",negative,-0.09722222222222222,,,,,1221114187817963521,objective,0.38055555555555554,,
swmstn2,self driving expert,2020-01-26 15:19:19,"@NYTMetro What planet is this reporter on? Byford's ""rocky relationship with"" Cuomo; ""Mr. Cuomo has also made the subway a top priority.""

Ignores Cuomo's major role in NYC subway's decay &amp; driving out popular, expert Byford.

What self-respecting leader would take that job now? #CuomosMTA",positive,0.3875,,,,,1221452563842846721,subjective,0.6333333333333333,,
808Vinny,self driving expert,2020-01-27 22:39:19,@jwangARK Self driving expert,neutral,0.0,,,,,1221925681300246530,very objective,0.0,,
Iynxi,self driving expert,2020-01-29 21:09:48,"You don't need to be an expert to talk about self-driving cars, simply by sharing what future transport system/mobility you would like can be helpful for the joint journey-making process

Check out this Meetup Group in London: https://t.co/r80KFpbZEf #Meetup #London via @Meetup",neutral,0.0,,,,,1222627929601036290,very objective,0.24107142857142858,,
kk_levine,self driving expert,2020-01-29 20:34:08,"@ranti I've sat through too many presentations about self-driving cars with technical issues, where somebody jokes, ""I'm an expert in AVs but not AV"" and we all roll our eyes.",positive,0.25,,,,,1222618952901087232,objective,0.3,,
markrhill,self driving expert,2020-02-02 21:42:04,"@SmarterRetailer I‚Äôm not a video analytics expert, but I would bet that the technical challenge of self-driving vehicles is at least an order of magnitude more complex",negative,-0.024999999999999994,,,,,1224085601143660544,objective,0.35,,
Biggie_Calls,self driving expert,2020-02-02 19:55:35,"@elonmusk Wow. Stock at $650 with crazy growth and top class self driving, u have issues retaining/attracting talent? Hhmm.... 
Im no expert, but pretty much everyone in SV thinks AP is garbage. 
$tsla $tslaq",positive,0.09,,,,,1224058805446557696,subjective,0.72,,
KUPhysicsAstro,self driving expert,2020-02-04 16:28:26,@KUCollege @KUSPAA @MikeKrings @KUnews I recall being explicitly told by an expert a little over a year ago that all cars in Kansas City will be self-driving within 15 year.,negative,-0.1875,,,,,1224731447111581696,objective,0.5,,
Nans4Grans,self driving expert,2020-02-04 14:40:02,Are self-driving cars safe? Expert on how we will drive in the future https://t.co/cNjotsyNEi #nans4grans #olderpeople #ageing #seniors #Harpenden #StAlbans #Health #Homecare #loneliness #driverless https://t.co/11idejKe4z,positive,0.25,,,,,1224704167664668676,objective,0.3125,,
tomfgoodwin,self driving expert,2020-02-04 13:31:18,@mims 5G and self driving cars are the classic cases. Blockchain too . But even things like AI for health screening sound very different when you talk to an expert in health screening and not a tech expert,positive,0.18888888888888888,,,,,1224686872531800064,objective,0.4488888888888889,,
MIRAEngineering,self driving expert,2020-02-04 10:00:07,"We help clients around the world to overcome key challenges associated with the implementation of self-driving technologies. With expert consultancy, we're helping to ensure that #CAVs are safe, functionally correct and secure. Learn more: https://t.co/uX1LJjqdHg 

#Autonomous",positive,0.36,,,,,1224633723943038976,subjective,0.6599999999999999,,
jamesvgingerich,self driving expert,2020-02-04 00:40:00,@Uber faces costly choices after expert finds it uses @Waymo self-driving tech. (Yahoo!) #AV #AutoIndustry https://t.co/iu5BiR7Lm8 https://t.co/2gpKou7HLj,neutral,0.0,,,,,1224492766660567041,very objective,0.0,,
ShaunCoffey,self driving expert,2020-02-05 20:53:35,Are self-driving cars safe? Expert on how we will drive in the future https://t.co/HAgXjCl9ku,positive,0.25,,,,,1225160563480612864,objective,0.3125,,
trudeaucj,self driving expert,2020-02-05 01:35:47,Listened to a @romanmars episode from 2015 about self-driving cars while driving home on autopilot and was like ‚ÄúI‚Äôm literally living in the future.‚Äù It was trippy. They had an expert who pretty much predicted the next step to be what the Tesla was doing while I was listening!,positive,0.1125,,,,,1224869194438606848,objective,0.33125,,
agiledigital,self driving expert,2020-02-06 22:00:07,"@elonmusk has announced that he will be hosting an AI #hackathon in his home, likely in the hopes of solving @Tesla's 'Full Self Driving' feature.
Are you an expert in the #AI industry? Maybe you could score an invite... More here: https://t.co/fWGDXOMWFr https://t.co/yIYwaYZUf6",positive,0.2833333333333333,,,,,1225539693477007360,subjective,0.6833333333333332,,
chuckmartin,self driving expert,2020-02-06 15:44:48,"Expert panel on self-driving cars coming to Florida 4 PM Tuesday at #SynapseSummit #IoT #TampaBay
https://t.co/biOFMZHLKB",neutral,0.0,,,,,1225445243992055809,very objective,0.0,,
Nans4Grans,self driving expert,2020-02-07 14:40:01,Are self-driving cars safe? Expert on how we will drive in the future https://t.co/cNjotsyNEi #nans4grans #olderpeople #ageing #seniors #Harpenden #StAlbans #Health #Homecare #loneliness #driverless https://t.co/5oyOO0rtmI,positive,0.25,,,,,1225791329889857537,objective,0.3125,,
lerwill_t,self driving expert,2020-02-07 01:26:25,"@missy_cummings @BloodsportCap One thing we know for sure, Tesla is not an expert in Self Driving Cars.  They can't park themselves, they can't drive in traffic off a freeway, they run in to all sorts  of things, and have killed too many people.",positive,0.26666666666666666,,,,,1225591612035694593,objective,0.46296296296296297,,
darkblackcoffee,self driving expert,2020-02-08 22:50:33,@John_Gardi interviewer is Lex Fridman - his podcast is the AI Podcast. He is an expert in AI and self driving systems. He has also interviewed Elon twice,neutral,0.0,,,,,1226277163113934849,very objective,0.0,,
trqshkh,self driving expert,2020-02-08 05:35:18,"Expert from ToppanPrinting talked about the AI assisted OCR software they've developed for kuzushiji, called ""Fumi no Ha"". https://t.co/rZbaewd03i
I liked the disclaimer that the software is not yet like a self-driving car, but more like an electric assist bicycle! #„Éá„Ç∏„Éõ„É≥2020",positive,0.44166666666666665,,,,,1226016635229593600,subjective,0.5333333333333333,,
ceanuwelter,self driving expert,2020-02-11 16:53:41,@elonmusk could u answer some questions? I'm writing a research paper assigned in my English class and we are looking for an expert on what we are writing about. My topic is about an automated future. What do you think the biggest drawback will be for self-driving in the future.?,neutral,0.0,,,,,1227274517250097152,very objective,0.08333333333333333,,
csrajuse,self driving expert,2020-02-16 17:57:35,"@Logan_Exhales @schmidci @ScottRudiger @blakezeff Expert reactions are as good as the expert's understanding of the subject. Compare Self driving algos to say discovering heart disease algos. I would argue  the data points for heart easier than self-driving (many variables), but are we close to replacing cardiologists? why?",positive,0.3444444444444444,,,,,1229102536751288320,objective,0.4777777777777778,,
vesna_tanevski,self driving expert,2020-02-18 09:07:24,"Discover the present &amp; the future of AI &amp; deep learning, IoT, self-driving cars &amp; more at #GTC20. Meet with @B_V_Robinson, our AI expert, for the latest #AI innovation from Arrow, booth 826. #NVIDIA #deeplearning https://t.co/Yp5YoHERQJ",positive,0.2,,,,,1229693889415696384,objective,0.38499999999999995,,
biconnections,self driving expert,2020-02-19 21:00:45,"Come to 'Expert Systems: On the Road to Self-Driving Data' on 3 Mar @thebloorgroup @eric_kavanagh @ataccama
https://t.co/SCjNMv8Prt
#7wDataEvent

https://t.co/Ll5VAiaoHz",neutral,0.0,,,,,1230235797560975360,very objective,0.0,,
YvesMulkers,self driving expert,2020-02-20 21:20:54,"Join us 3 Mar at 'Expert Systems: On the Road to Self-Driving Data' @thebloorgroup @eric_kavanagh @ataccama
https://t.co/04DF4ohbby
#7wDataEvent

https://t.co/XcmMczkIjy",neutral,0.0,,,,,1230603258210725890,very objective,0.0,,
Nodeposit_ins,self driving expert,2020-02-20 04:11:30,"Top story: Expert Systems: On the Road to Self-Driving Data https://t.co/lCQYpAC13c, see more https://t.co/CckZu2RQbq",positive,0.5,,,,,1230344200111173632,objective,0.5,,
datagenius,self driving expert,2020-02-22 20:18:50,"Top story: Expert Systems: On the Road to Self-Driving Data https://t.co/4i813R3ljc, see more https://t.co/16gz3lCgEh",positive,0.5,,,,,1231312414060269577,objective,0.5,,
biconnections,self driving expert,2020-02-22 11:04:44,"Come to 'Expert Systems: On the Road to Self-Driving Data' on 3 Mar @thebloorgroup @eric_kavanagh @ataccama
https://t.co/bbLmZRhKXH
#7wDataEvent

https://t.co/dVPH5nVG6c",neutral,0.0,,,,,1231172967389974529,very objective,0.0,,
7wData,self driving expert,2020-02-23 12:01:45,"Join us 3 Mar at 'Expert Systems: On the Road to Self-Driving Data' @thebloorgroup @eric_kavanagh @ataccama
https://t.co/142JY5pVmJ
#7wDataEvent

https://t.co/W9gL1h5yNl",neutral,0.0,,,,,1231549704703488002,very objective,0.0,,
biconnections,self driving expert,2020-02-24 13:46:54,"Come to 'Expert Systems: On the Road to Self-Driving Data' on 3 Mar @thebloorgroup @eric_kavanagh @ataccama
https://t.co/SCjNMv8Prt
#7wDataEvent

https://t.co/6ARYVrHrTL",neutral,0.0,,,,,1231938555037048832,very objective,0.0,,
thebloorgroup,self driving expert,2020-02-25 22:01:10,Expert Systems: On the Road to Self-Driving Data Management https://t.co/5yHpZThvGl @ataccama #datamanagement #webinar #ArtificialIntelligence #MachineLearning https://t.co/N68jS9BtRh,neutral,0.0,,,,,1232425330327064581,very objective,0.0,,
mobiusmedia,self driving expert,2020-02-25 21:01:16,Expert Systems: On the Road to Self-Driving Data Management https://t.co/MkXK4YvLKb @ataccama #datamanagement #webinar #ArtificialIntelligence #MachineLearning https://t.co/YXqy5HutSU,neutral,0.0,,,,,1232410255843303426,very objective,0.0,,
DelanoMagazine,self driving expert,2020-02-25 14:43:55,Are self-driving cars safe? Expert on how we will drive in the future https://t.co/Pz7ZhiF4Dc #mobility #Automotive https://t.co/tyWFisqo0q,positive,0.25,,,,,1232315291553501189,objective,0.3125,,
biconnections,self driving expert,2020-02-25 14:08:45,"Join us 3 Mar at 'Expert Systems: On the Road to Self-Driving Data' @thebloorgroup @eric_kavanagh @ataccama
https://t.co/bbLmZRhKXH
#7wDataEvent

https://t.co/KA00MxLChy",neutral,0.0,,,,,1232306440070627334,very objective,0.0,,
Arrow_IoT,self driving expert,2020-02-25 09:00:01,"Discover the present &amp; the future of AI &amp; deep learning, IoT, self-driving cars &amp; more at #GTC20. Meet with @B_V_Robinson, our AI expert, for the latest #AI innovation from Arrow, booth 826. #NVIDIA #deeplearning https://t.co/s7KutlBnpQ Arrow‚Äôs 20% off discount code: XDA1eepvgj6 https://t.co/1PrJiviHia",positive,0.2,,,,,1232228746347843587,objective,0.38499999999999995,,
igent_io,self driving expert,2020-02-26 23:45:49,"Expert Systems: On the Road to Self-Driving Data | 7wData
#robot
#robotics
#selfdriving

https://t.co/5LbQLHwFeU https://t.co/xwoyiWpdKc",neutral,0.0,,,,,1232814054063910914,very objective,0.0,,
igent_io,self driving expert,2020-02-26 20:45:50,"Expert Systems: On the Road to Self-Driving Data | 7wData
#robot
#robotics
#selfdriving

https://t.co/5LbQLHwFeU https://t.co/LkefkLRTT0",neutral,0.0,,,,,1232768756931321856,very objective,0.0,,
PicklePunchD,self driving expert,2020-02-26 17:53:35,@Kristennetten I‚Äôd like a self-driving car to teach me how to drive. Lessons from a true expert.,positive,0.35,,,,,1232725409315184640,subjective,0.65,,
biconnections,self driving expert,2020-02-26 17:50:52,"Come to 'Expert Systems: On the Road to Self-Driving Data' on 3 Mar @thebloorgroup @eric_kavanagh @ataccama
https://t.co/bbLmZRhKXH
#7wDataEvent

https://t.co/YCmCP0HsrF",neutral,0.0,,,,,1232724728940548097,very objective,0.0,,
igent_io,self driving expert,2020-02-26 15:15:51,"Expert Systems: On the Road to Self-Driving Data | 7wData
#robot
#robotics
#selfdriving

https://t.co/5LbQLHwFeU https://t.co/wzUJrcQRUH",neutral,0.0,,,,,1232685714707505152,very objective,0.0,,
YvesMulkers,self driving expert,2020-02-27 16:53:13,"Come to 'Expert Systems: On the Road to Self-Driving Data' on 3 Mar @thebloorgroup @eric_kavanagh @ataccama
https://t.co/8hNqNoZRvM
#7wDataEvent

https://t.co/C8Givl5yiH",neutral,0.0,,,,,1233072605722181632,very objective,0.0,,
igent_io,self driving expert,2020-02-27 08:45:49,"Expert Systems: On the Road to Self-Driving Data | 7wData
#robot
#robotics
#selfdriving

https://t.co/5LbQLHwFeU https://t.co/mtmFORspo7",neutral,0.0,,,,,1232949948322373632,very objective,0.0,,
past_is_future,self driving expert,2020-02-27 05:16:46,@DekeArndt A self-described expert in thermodynamics has spent the past two days telling me that the increase in atmospheric CO2 is caused by the oceans off-gassing carbon in response to the sun driving surface warming. https://t.co/P8JWk5Arpy,negative,-0.11666666666666665,,,,,1232897339603537920,very objective,0.11666666666666665,,
biconnections,self driving expert,2020-02-28 19:20:11,"Join us 3 Mar at 'Expert Systems: On the Road to Self-Driving Data' @thebloorgroup @eric_kavanagh @ataccama
https://t.co/SCjNMv8Prt
#7wDataEvent

https://t.co/PPCrjcOBOw",neutral,0.0,,,,,1233471978964758531,very objective,0.0,,
7wData,self driving expert,2020-02-28 19:20:10,"Join us 3 Mar at 'Expert Systems: On the Road to Self-Driving Data' @thebloorgroup @eric_kavanagh @ataccama
https://t.co/142JY5pVmJ
#7wDataEvent

https://t.co/TaDdqMZQCD",neutral,0.0,,,,,1233471976846561280,very objective,0.0,,
YvesMulkers,self driving expert,2020-02-29 21:32:57,"Come to 'Expert Systems: On the Road to Self-Driving Data' on 3 Mar @thebloorgroup @eric_kavanagh @ataccama
https://t.co/04DF4ohbby
#7wDataEvent

https://t.co/KL4OcGOkrK",neutral,0.0,,,,,1233867779905933313,very objective,0.0,,
biconnections,self driving expert,2020-02-29 21:31:47,"Join us 3 Mar at 'Expert Systems: On the Road to Self-Driving Data' @thebloorgroup @eric_kavanagh @ataccama
https://t.co/bbLmZRhKXH
#7wDataEvent

https://t.co/E4KV5rjK9R",neutral,0.0,,,,,1233867486484930560,very objective,0.0,,
leonasdad,self driving expert,2020-03-02 18:06:38,"@DrSarahJarvis https://t.co/bQGbKRDkiS
How does CPR+Step counter work w/this person deem fit-to-work in skilled educated expert Enviro in event of arrest whilst adherin to manual handling guide &amp; self/empl driving occupational Health &amp; Safety at Work Social Domestic Pleasure Commuting Liability",positive,0.12083333333333333,@DrTedros @WHO @WHOEMRO @WHOWPRO @pahowho @WHO_Europe @WHOAFRO @WHOSEARO @COVID19Update @EpidAlert This one-way street could do your nut in. https://t.co/jl2i0vG9SG,neutral,0.0,,1234540633462890497,very objective,0.16666666666666666,very objective,0.0
YvesMulkers,self driving expert,2020-03-02 12:36:20,"Come to 'Expert Systems: On the Road to Self-Driving Data' on 3 Mar @thebloorgroup @eric_kavanagh @ataccama
https://t.co/8hNqNoZRvM
#7wDataEvent

https://t.co/1w9gWvFvC9",neutral,0.0,,,,,1234457509877964800,very objective,0.0,,
7wData,self driving expert,2020-03-02 12:36:00,"Come to 'Expert Systems: On the Road to Self-Driving Data' on 3 Mar @thebloorgroup @eric_kavanagh @ataccama
https://t.co/ONsbH62z0Z
#7wDataEvent

https://t.co/dxVPjjo56y",neutral,0.0,,,,,1234457426537177088,very objective,0.0,,
MissMaryPrep,self driving expert,2020-03-02 01:22:27,"CDC, ""infectious disease expert"" PR in press has been driving me nuts--self-isolate, self-quarantine, no mask, low-risk, asymp incubation diagnostic gibberish. So anti-science. Adds up to Silence = Death https://t.co/lvy0dHoY9e",neutral,0.0,"I don‚Äôt think people realize how many service industry workers will continue going to work, cooking and serving your food, cleaning your houses, and selling you respirators, with flu-like symptoms because they don‚Äôt have paid sick days.",negative,-0.10714285714285715,,1234287924201611264,very objective,0.0,subjective,0.6785714285714286
eric_kavanagh,self driving expert,2020-03-03 19:01:43,NOW: Expert Systems: On the Road to Self-Driving #Data Management https://t.co/32OqZFBH98 @ataccama #datamanagement #webinar #ArtificialIntelligence #MachineLearning https://t.co/dqRDjMYXG6,neutral,0.0,,,,,1234916883553542144,very objective,0.0,,
YvesMulkers,self driving expert,2020-03-03 15:04:33,"Come to 'Expert Systems: On the Road to Self-Driving Data' on 3 Mar @thebloorgroup @eric_kavanagh @ataccama
https://t.co/04DF4ohbby
#7wDataEvent

https://t.co/2I84OydDjR",neutral,0.0,,,,,1234857200574660609,very objective,0.0,,
GilesMcMullen,self driving expert,2020-03-05 20:01:10,"I visited the @royalsociety to speak to a self driving car expert from @uniofleicester

I made a video about it!

Watch it here üëá
https://t.co/lUAckjTKai
-
#python #DataScience #AutonomousVehicles  #numpy #selfdrivingcars #deeplearning #ai #ML #IoT #FutureofWork
#Automotive https://t.co/cC7kLWyh7l",neutral,0.0,,,,,1235656622682316800,very objective,0.0,,
jensmccabe,self driving expert,2020-03-07 21:36:02,"@rohit_x_ @Quan ‚ÄúI invested in self-driving cars and spaceships so naturally I am now an expert on public health, epidemiology...ü§¶üèª‚Äç‚ôÄÔ∏èü§¶üèª‚Äç‚ôÄÔ∏èü§¶üèª‚Äç‚ôÄÔ∏è‚Äù",positive,0.05,,,,,1236405268805640193,very objective,0.23333333333333334,,
AchinikeChider2,self driving expert,2020-03-08 12:46:08,"@elonmusk @N0ah_17
Hi Elon, can I work with Tesla on their Self-driving projects if I'm an expert in NN and General AI?
Can I do this from over here in Africa?",positive,0.05000000000000002,,,,,1236634306124136450,objective,0.5,,
jandfish,self driving expert,2020-03-08 04:51:34,@thirdrowtesla Says the expert on self driving cars :),positive,0.5,,,,,1236514878371721216,very subjective,1.0,,
Brianalt7,self driving expert,2020-03-09 11:48:17,"@cspanwj Hey caller, the dems are not controlling/driving Chump's inept, idiotic response to this outbreak. He's damaging his own self. Your president is a fool...we don't need to add on...he's an expert at that.",negative,-0.033333333333333326,,,,,1236982133618606081,very subjective,0.9166666666666667,,
AutotechOutlook,self driving expert,2020-03-11 12:42:01,"""Self-Driving Cars are Already Changing the Automotive Industry""
Article by Industry Expert David Silver, Head of Self-Driving Cars at Udacity
Check Out&gt;&gt;https://t.co/0lEPP85o27
#Automotive #AutomotiveIndustry #SelfDrivingCars https://t.co/e4uwwmJUSO",neutral,0.0,,,,,1237720431148150784,very objective,0.0,,
ComradePangloss,self driving expert,2020-03-13 13:24:34,"@Ferretgrove @MajorGrubert @Graz_Jakomini The way I look at it.

If I die in the car crash I would rather Lewis Hamilton (an expert) was driving than #LiarJohnson

Btw Psycho got stuck in Spain he he he. The bastard is on Mcginlays boat.. Self isolation, scuba gear and beer

Mother in Law in Netherlands with sis in law.",neutral,0.0,,,,,1238455915986259969,very objective,0.0,,
Gameonysus,self driving expert,2020-03-15 22:54:23,@ECreatesAudio @J0nSPEC Also I‚Äôm no expert but I know banks and other companies are allowing some exceptions considering the circumstances. Hopefully businesses aren‚Äôt destroyed but there isn‚Äôt a great option here. Esp. If people are already self-isolating and driving down business potentially.,positive,0.12986111111111112,,,,,1239324093121347584,subjective,0.6034722222222222,,
DavidJo28022521,self driving expert,2020-03-15 02:53:18,"@BusDerry @Gary_Middleton News flash! A bus driver from Londonderry becomes the latest self appointed medical expert in Northern Ireland. Here's an idea, stick to driving your wee buses and let the experts do the healthcare.",positive,0.25,,,,,1239021830406619137,objective,0.45,,
_jirisv,self driving expert,2020-03-16 15:16:28,@DanielB2K20 I can actually receive financial assistance with uber since I was driving the past few months but I need a note from a doctor/health expert saying I need to self isolate,negative,-0.1125,,,,,1239571238692913152,very objective,0.11249999999999999,,
glennbeck,self driving expert,2020-03-17 22:33:48,Self-quarantined teenagers driving you CRAZY yet? BlazeMedia's very own board game expert @Robeno has some recommendations that may help. https://t.co/N0zyIu7a3s https://t.co/tBLj3aUeG4,negative,-0.07333333333333332,,,,,1240043687444430848,very subjective,0.7666666666666666,,
ZF_Group,self driving expert,2020-03-18 14:00:45,"When will #AutonomousDriving become a reality? Dr Tina Wagner, transport expert of the city of Hamburg, expects that it will take 10 to 15 years until self-driving vehicles will be an integral part of urban transport. #AutomatedDriving #NextGenMobility https://t.co/qliRegExbc",neutral,0.0,,,,,1240276962083508224,very objective,0.0,,
TheSlyWolfy,self driving expert,2020-03-19 16:10:34,@EmilyGorcenski He's not even doing well at making a self driving vehicle and he's not even the one doing the work! Elon Musk doesn't know shit about anything. He just pays people to steal the credit of their work and pretend to be an expert.,negative,-0.2,,,,,1240672018875498503,very subjective,0.8,,
OutsideInPod,self driving expert,2020-03-19 14:25:50,"What is a #smartcity, and why self-driving cars and solar energy will be societal game-changers

Listen to one of our favorite episodes with tech expert &amp; former Palo Alto CTO Jonathan @Reichental 
https://t.co/lqGzdBAjMd",positive,0.25,,,,,1240645663152627712,objective,0.5,,
andrewmon3,self driving expert,2020-03-22 23:00:37,@Panblanco87 @O1Paul @collegecors Broke leg / ankle Jan 6th so am an expert on self isolation at this stage ! Back walking &amp; driving now so happy with that.. Crazy times though  - will be 2/3 months before this virus is under control... üòï,positive,0.0666666666666667,,,,"Place(_api=<tweepy.api.API object at 0x1182f6a00>, id='c500c6f8494a90ac', url='https://api.twitter.com/1.1/geo/id/c500c6f8494a90ac.json', place_type='city', name='Cork', full_name='Cork, Ireland', country_code='IE', country='Ireland', contained_within=[], bounding_box=BoundingBox(_api=<tweepy.api.API object at 0x1182f6a00>, type='Polygon', coordinates=[[[-10.2254601, 51.4192154], [-7.8411533, 51.4192154], [-7.8411533, 52.3885113], [-10.2254601, 52.3885113]]]), attributes={})",1241862374958792705,subjective,0.6333333333333333,,
the_Ch3m1st,self driving expert,2020-03-22 20:29:29,"@MHSTribalEng This is a topic I do not claim to be an expert on but I have serious doubts about the viability of the product and service. Maybe we should master self-driving terrestrial vehicles before taking flight? In the white paper, ""Pilot augmentation"" so they are talking partial autonomy",negative,-0.10833333333333334,,,,,1241824342570401793,objective,0.26666666666666666,,
GeoffreyBrandow,self driving expert,2020-03-22 01:27:19,"I've become a bit of a ""self-isolation"" expert in not leaving the house, I've been doing it for most of my adult life.  Some may call me a ""loner"" or a ""loser"", I can now say I've been preparing, but this ""break"" is driving me batty.  I figure at this point it's like a vacation.",positive,0.3,,,,,1241536903909969920,objective,0.4,,
davidralbrecht,self driving expert,2020-03-31 04:21:29,"Welp, it looks like everyone in Silicon Valley is an infectious disease and governance expert now, I guess ML/AI, self-driving, and low-code are yesterday's news",neutral,0.0,,,,,1244842224984027138,very objective,0.0,,
thirdrowtesla,self driving expert,2020-03-31 02:21:41,"There are no experts in self-driving, because nobody has figured out how to deploy the technology at scale reliably, in a way consumers buy into. 

Someone who claims to be an expert might as well claim they‚Äôre an expert in unicorns. Everyone‚Äôs just guessing.",neutral,0.0,,,,,1244812079485177857,very objective,0.0,,
SiSubject,self driving expert,2020-04-07 21:10:10,"It wouldn't be something I would usually do, but this social distancing and self isolation stuff is driving me insane. Should I stream some Expert+ Beat Saber tomorrow? I also just need a fun reason to get out of bed. I promise sort of that I totally don't suck at the game. üíÄ",negative,-0.21944444444444447,,,,,1247632787051401216,objective,0.4444444444444444,,
Wael3rd,self driving expert,2020-04-07 18:24:08,"@benedictevans Also who cares about his take on self driving car. The moment we need expert input on acting or kickboxing, then we'll call him.",neutral,0.0,,,,,1247591000186462211,very objective,0.0,,
GWPattie,self driving expert,2020-04-09 04:06:39,"@saltaf01 I don't pretend to be a computer expert, but between my tech experience and my biology experience, I don't see self driving cars and many other ""smart"" devices working reliably  and safely anytime soon. The tech folks underestimate what the biological world does.",positive,0.2723214285714286,,,,,1248099985561796608,subjective,0.5044642857142857,,
Alex_San,self driving expert,2020-04-10 18:48:38,"Wow, what a short sighted article from Forbes, from a so called expert in AI and self driving cars. Blows my mind, how can people talk so much and say nothing, no wonder this guy is a ""successful"" executive.
https://t.co/aiLJTUrf3l
@thirdrowtesla @elonmusk",positive,0.2625,,,,,1248684331448573956,subjective,0.6125,,
idkanymoreTT,self driving expert,2020-04-10 17:50:40,"@BoboCalc @AndrewYang See you can‚Äôt say he‚Äôs implicitly claiming these things simply by talking about it. You don‚Äôt have to be an expert to know a little something 
Like math isn‚Äôt that hard I‚Äôm sure he‚Äôs good at math
And does he really not have a friend who‚Äôs working on self driving?
And how does he",positive,0.1034722222222222,,,,,1248669742703017985,subjective,0.5146164021164021,,
Thayo__,self driving expert,2020-04-11 07:29:10,We are going to an era of self driving vehicles but your local grogo Expert wants to justify manual cars.,positive,0.1,,,,,1248875725119205377,very objective,0.05,,
OrussellRussell,self driving expert,2020-04-14 18:43:35,"@JoeBlow94677059 @TorontoStar Driving 20 minutes to be with family who have been isolated for several days, after self-isolating for the same yourself is hardly the same as flying on a jet for several hours with families from different households. But I'm no expert. Just an opinion.",negative,-0.04861111111111111,,,,,1250132611734949889,very objective,0.23194444444444443,,
chartio,self driving expert,2020-04-15 20:08:59,What do @tesla's self-driving cars have in common with @Google translator? Hint: think about all the data and algorithms behind the two products. Find out the importance of data for our beloved products today explained by data expert @l2k: https://t.co/H4ogMaoSHN #data #AI,neutral,0.0,,,,,1250516489599430656,subjective,0.7333333333333334,,
dedmans,self driving expert,2020-04-18 20:11:11,"@DrSarahJarvis As an expert on lockdown and self isolation, it‚Äôs so strange that it‚Äôs more tiring than digging holes or driving all day.
Active minds need routine and switch off mode.",positive,0.10555555555555556,,,,,1251604208459153408,objective,0.4166666666666667,,
Trumpdroog,self driving expert,2020-04-20 03:20:54,"I‚Äôll tell you, the movie #demolitionman is where our society is going.  No touching bc of germs, cash less, tobacco less, meatless, social credit score, self driving cars, implanted tracking chips and total capitulation...fascism, technocrat ‚Äúexpert‚Äù run.",negative,-0.10999999999999999,,,,,1252074738802782208,objective,0.29,,
Damienscully,self driving expert,2020-04-23 12:03:32,"Expert: In 50 years, self-driving cars will be ""unthinkable"" https://t.co/VDv2iWWPT6",negative,-0.05,,,,,1253293427413921792,very subjective,0.8,,
BradMunchen,self driving expert,2020-04-27 11:05:55,"So much for 1 million robotaxis by year‚Äôs end. This is an expert‚Äôs study of $TSLA‚Äôs so-called ‚ÄúFull Self Driving‚Äù. 
@NHTSAgov @NTSB @EdMarkey 

$TSLAQ https://t.co/7DC189h63u",positive,0.275,"Quick preview of upcoming results on controlled Tesla field trials: Three 2018 Model 3s configured to provide lane departure emergency steering assist only did so in 18% of trials, only warned the driver 32% of the time, and provided no feedback at all in 50% of trials. https://t.co/nZJfb3CjEK",positive,0.1111111111111111,,1254728477346938881,objective,0.375,very subjective,0.8333333333333334
bbyashou,self driving expert,2020-04-29 20:05:32,"@BStulberg @GuaranteedError He wasn‚Äôt an expert at digital payments, Space or electric self driving cars either ü§∑üèæ‚Äç‚ôÇÔ∏è",neutral,0.0,,,,,1255589050976808962,very objective,0.0,,
Gesichtbuch0815,self driving expert,2020-04-30 21:49:04,"Releasing a beta version of a driving-assistance software onto public roads while calling it full self driving is much worse than a lie

But what do I know, YOU ARE THE EXPERT ON LYING! https://t.co/iw3tpISqsH",negative,-0.05000000000000001,Classifying all deaths as corona even if corona didn‚Äôt cause the death is simply a lie https://t.co/R1sgzcFS46,neutral,0.0,,1255977494001283074,objective,0.4055555555555556,objective,0.35714285714285715
LUNGAMXVIII,self driving expert,2020-05-02 16:48:03,"@REALSHEEMSTAR @mxr011 Eg. #2 ""Self driving cars are unsafe, they can crash."" I'm not a self driving car expert, my critism holds weight.

I don't have a solution to suggest.",neutral,0.0,,,,,1256626519583195136,very objective,0.0,,
AffretShekt,self driving expert,2020-05-09 19:35:58,"@alexandrosM @WilliamAEden That doesn‚Äôt make sense. You can‚Äôt know what you need unless you get everything.

Due to this flawed implementation decision Teslas have highest fatalities among luxury cars. 

They phantom break and can‚Äôt see fire trucks. Elon is a scam artist not a self driving car expert.",negative,-0.3125,,,,,1259205489218383872,objective,0.4375,,
RideshareAZ,self driving expert,2020-05-12 23:47:15,Apple and Uber are losing ground in the race to conquer self-driving cars. One industry expert¬†‚Ä¶ https://t.co/6J8NywpXuU,neutral,0.0,,,,,1260355890835791873,very objective,0.0,,
EverythingAppl,self driving expert,2020-05-12 23:02:41,"Apple and Uber are losing ground in the race to conquer self-driving cars. One industry expert predicts their projects may not survive the coming shake-up in the autonomous-vehicle industry. (UBER, AAPL) https://t.co/acc7cfXX0C https://t.co/AQzfTolTfI",neutral,0.0,,,,,1260344676399243264,very objective,0.0,,
RideshareAZ,self driving expert,2020-05-12 21:46:52,Apple and Uber are losing ground in the race to conquer self-driving cars. One industry expert¬†‚Ä¶ https://t.co/ZAKZ8y0m1i,neutral,0.0,,,,,1260325595348688896,very objective,0.0,,
EverythingAppl,self driving expert,2020-05-12 18:10:08,"Apple and Uber have fallen behind in the race to conquer self-driving cars. An industry expert predicts their projects may not survive the wave of consolidation coming to the autonomous-vehicle industry. (UBER, AAPL) https://t.co/acc7cfXX0C https://t.co/AQzfTolTfI",negative,-0.4,,,,,1260271053000994816,subjective,0.7,,
GeorgeMentz,self driving expert,2020-05-12 18:02:34,Apple and Uber have fallen behind in the race to conquer self-driving cars. An industry expert predicts their projects may not survive the wave of consolidation coming to the autonomous-vehicle industry. https://t.co/WxnIBO7LW7 https://t.co/NGShE08i6L,negative,-0.4,,,,,1260269147402858499,subjective,0.7,,
brdunton,self driving expert,2020-05-13 21:16:48,"Im sorry, but this is just FUD by an analyst that is bored. Uber, I understand. If Apple sees a biz in autonomous driving, they will not walk away. Apple, Uber may end self-driving projects in wake of COVID-19: expert - Business Insiderhttps://apple.news/A8Jye58maTq6iJumwF5V5TA",negative,-0.19999999999999998,,,,,1260680417977524224,very subjective,0.9,,
AutonomousMob,self driving expert,2020-05-13 11:00:16,Apple and Uber are losing ground in the race to conquer self-driving cars. One industry expert predicts their projects may not survive the coming shake-up in the autonomous-vehicle industry #AutonomousMobility https://t.co/Uz4OPVr8Sy,neutral,0.0,,,,,1260525263697383424,very objective,0.0,,
3DHubs,self driving expert,2020-05-13 08:27:42,"Today self driving car expert @bradtem will take the stage for the Online Engineering Summit at 6pm CET / 11am CST!

Join us for a presentation and live Q&amp;A!

Save your spot here: https://t.co/0xxU5Avyqg https://t.co/jBIOYM4fwO",positive,0.17045454545454544,,,,,1260486866844954624,objective,0.5,,
Liveoveaugh,self driving expert,2020-05-13 08:12:00,"@RealCandaceO I don't want to hope this virus nails you or a loved one, but your self-righteous bullshit is really driving me to that place. You are NOT an expert, you scam people with mouthing off, your heart is black as sin. Look into the mirror, forgive yourself and do good instead.",positive,0.3583333333333333,,,,,1260482917790371842,subjective,0.5083333333333333,,
NcsVentures,self driving expert,2020-05-13 05:01:02,"| Apple, Uber may end self-driving projects in wake of COVID-19: expert | #iphone | #ios |¬†#mobilesecurity https://t.co/uDWMCKySwH",neutral,0.0,,,,,1260434857211150345,very objective,0.0,,
asknbid,self driving expert,2020-05-14 17:18:25,"@john_sipher @lisackaplan Oh no, that isn‚Äôt about Facebook, that‚Äôs about AI, bc Musk aka mother of all engineers, and most brilliant AI expert if the world ... was lectured about AI by someone who has real expertise ... and AI in the context of Musk means self driving cars /1",positive,0.5333333333333333,,,,,1260982816147415040,subjective,0.6,,
haka702,self driving expert,2020-05-14 15:44:12,"@orthereaboot Let's face it. Musk is a genius &amp; the only person capable of being an expert in Fake solar roofs, Fake Robo-production, Fake Self Driving, Fake Robotaxis, Fake ventilators, Fake Medical Advice, Fake Board of Directors, Fake legal compliance, &amp; a Fake Battery Breakthrough #Genius",negative,-0.3153846153846154,,,,,1260959105117716482,very subjective,0.8153846153846154,,
NovaValentis,self driving expert,2020-05-17 18:58:39,"@elonmusk @Gfilche @flcnhvy Well yes that is true, but i am so curious what you guys are gonna do i'd prefer to have the webcast now and later a real event! I hope it'll be as in detail or even more like the ""self driving event"" hearing it from each expert.",positive,0.2,,,,,1262095200677253127,objective,0.49000000000000005,,
SVI_Center,self driving expert,2020-05-19 21:00:53,"Learn how #5G will help self-driving cars, telemedicine, and VR reach their potential. Verizon's Lov Kher is a keynote at our upcoming #OnlineConference on 5G. Hear his expert insights on what the technology means for the future, and your business: https://t.co/CFpdcZ2f4W https://t.co/962dnAweGF",neutral,0.0,,,,,1262850740420325376,subjective,0.5625,,
jwitt1,self driving expert,2020-05-19 02:28:40,"@StephenSeanFord Fifth: his actual, novel ideas are incredibly stupid. Talk to any engineer or transportation expert for details on why his hyperloop idea is impossibly inept, he once suggested replacing the NYC subway system with underground roads stocked with self-driving Teslas, etc.",negative,-0.4888888888888889,,,,,1262570838794088453,subjective,0.7000000000000001,,
JakeTheHuman28,self driving expert,2020-05-22 15:29:08,"@felon_fred https://t.co/1ypXQrzDHN

If you have time this was a deeper dive into how self driving vehicles might go down. Andrew's not really an expert on self driving cars but these two are",negative,-0.1277777777777778,,,,,1263854415716315137,very objective,0.24444444444444446,,
BenRossTransit,self driving expert,2020-05-23 00:20:50,"@greg_shill No, I think the self-driving car hype has been dying independently. See today's NYT article about expert who says cars will always need drivers https://t.co/qhqtSk56dl",neutral,0.0,,,,,1263988220481675264,very objective,0.125,,
Damienscully,self driving expert,2020-05-26 12:03:31,"Expert: In 50 years, self-driving cars will be ""unthinkable"" https://t.co/VDv2iWWPT6",negative,-0.05,,,,,1265252222566359040,very subjective,0.8,,
Air_Shaper,self driving expert,2020-05-26 10:44:02,"Self-driving cars are coming!
What will really determine the way they look?
Find out in this expert video with car design legend Lowie Vermeersch!

Whenever an autonomous vehicle concept hits the car show, it looks drastically different from the cars we k‚Ä¶https://t.co/T3NllYoqyx",positive,0.21666666666666667,,,,,1265232218768781313,objective,0.5,,
Gaudd,self driving expert,2020-05-26 08:41:17,"I'm no medical expert but is driving 260 miles in a fuel-guzzling range rover requiring pit stops really reducing the risk of infecting others than say, self-isolating at home? https://t.co/6NOueIpMz9",positive,0.1,"""I know that he's a man of honour and integrity.""
Michael Gove MP tells #BBCBreakfast that #DominicCummings sought to ""reduce the risk of infection to anyone else""
More here: https://t.co/CgaTj8yIug https://t.co/irjULzZpSS",positive,0.5,,1265201328172797953,very objective,0.1,objective,0.5
FantaAlexx,self driving expert,2020-05-26 08:35:25,"News on self-driving cars. A EU expert group is expected to deliver a report on the ""ethical development of driverless mobility"" by June 2020. This shall give some guidance to manufacturers on how their machines shall act in life-and-death situations: https://t.co/BP9tr1CCnT",positive,0.05,,,,,1265199852947980293,objective,0.5,,
businessinsider,self driving expert,2020-05-27 20:04:04,"Amazon's reported interest in buying the self-driving car startup Zoox would help the retail giant tighten its grip on its delivery network, an industry expert says https://t.co/qhj3hi2DUE",neutral,0.0,,,,,1265735545231196162,very subjective,1.0,,
BarumDean,self driving expert,2020-05-27 16:48:11,"Probably still stings that an expert failed him on his driving test six times.
At least he‚Äôs self aware enough to admit he‚Äôs not an expert on driving.
Which is why like Cummings he thinks the way you test your eyes it‚Äôs go for a sixty mile drive to see if you can see a castle. https://t.co/9RCZcqLU4p",negative,-0.1375,Undermining trust is dangerous. It‚Äôs no accident that the same people who lie to us tell us to mistrust experts and castigate universities for allegedly indoctrinating our kids. /7 https://t.co/oZ6bJAOcqV,negative,-0.2333333333333333,,1265686248590577664,objective,0.3625,objective,0.375
BarumDean,self driving expert,2020-05-27 16:47:54,"@RichardBentall Probably still stings that an expert failed him on his driving test six times.
At least he‚Äôs self aware enough to admit he‚Äôs not an expert on driving.
Which is why like Cummings he thinks the way you test your eyes it‚Äôs go for a sixty mile drive to see if you can see a castle.",negative,-0.1375,,,,,1265686178705145861,objective,0.3625,,
wmgwarwick,self driving expert,2020-05-27 11:26:25,"Safety is fundamental to the development of public trust and acceptance of connected and self-driving vehicles.

Our #IntelligentVehicles expert @siddkhastgir explains more.
@ZenzicUK @MidsFutureMob
#tomorrowsjourney

 https://t.co/e8PCGiN55c via @zenzic",positive,0.25,,,,,1265605271394693120,objective,0.2833333333333333,,
_bmturner_,self driving expert,2020-05-28 12:18:01,"Amazon's reported interest in buying the self-driving car startup Zoox would help the retail giant tighten its grip on its delivery network, an industry expert says https://t.co/Gw0RlSyn6o",neutral,0.0,,,,,1265980644267642881,very subjective,1.0,,
All_About_AMZN,self driving expert,2020-05-28 00:09:31,"Amazon's reported interest in buying the self-driving car startup Zoox would help the retail giant tighten its grip on its delivery network, an industry expert says - Business Insider https://t.co/tWdBWpfV1O https://t.co/kpjHiMp1TW",neutral,0.0,,,,,1265797312799887360,very subjective,1.0,,
spectrogamma,self driving expert,2020-05-29 02:46:01,"It‚Äôs a shame they downplay Fantasio‚Äôs chara to just a goofy sidekick. Like dude literally invented a freaking flying machine, self-driving skates and made a train motor out a plane turbine, he smart as hell. Also he an expert in photography and journalism and takes it v seriously",positive,0.126984126984127,,,,,1266199083628351494,very subjective,0.7698412698412698,,
planetf1,self driving expert,2020-06-01 19:09:07,"Anyone an expert in certificates, and chrome 80+ on MacOS 13.5.5 .. &amp; specifically self-signed, bypass . Deep topic but driving me nuts",neutral,0.0,,,,,1267533653451714560,objective,0.4,,
NoSuchWordasNo,self driving expert,2020-06-02 08:20:12,@stanbux @Northern_Bobby What about when you are overtaking two cars with a 200 meter gap between them and then a self proclaimed driving expert cuts you up from lane 3 to lane 1 and back to lane 2 to make a point. Those too please.,neutral,0.0,,,,,1267732738603433984,very objective,0.0,,
cbcradio,self driving expert,2020-06-06 18:00:00,"In this time of self-isolation, relationship expert Allison Villa says there are also opportunities to learn about how to get along better with the one you love‚Äîeven though they might be driving you bananas at the moment.

https://t.co/QasKsvKlp0",positive,0.5,,,,,1269328201718927364,objective,0.5,,
RideshareAZ,self driving expert,2020-06-07 08:35:37,"Apple and Uber are losing ground in the race to conquer self-driving cars. One industry expert ...
https://t.co/wfaCW060Li",neutral,0.0,,,,,1269548556278353923,very objective,0.0,,
vh_hendrik,self driving expert,2020-06-10 12:44:55,"@lexfridman @elonmusk 
What do you think of this ""expert ranking"" of self-driving capabilities placing @Tesla on the 18th spot? Thanks!
https://t.co/G3Qu3P0IqY",positive,0.25,,,,,1270698459163693056,very objective,0.2,,
stobaxov,self driving expert,2020-06-11 23:49:26,"#trade 3 AI Stocks Poised to Gain From Self-Driving Cars

Sometimes, it‚Äôs best to get your information straight from the experts. Needham‚Äôs 5-star analyst Rajvindra Gill, an expert in the tech sector, has the lowdown on autonomous cars and the companies that will support the‚Ä¶",positive,0.5333333333333333,,,,,1271228077524295685,objective,0.4666666666666666,,
cxinsider,self driving expert,2020-06-11 21:25:00,"Amazon's reported interest in buying the self-driving car startup Zoox would help the retail giant tighten its grip on its delivery network, an industry expert says https://t.co/ofEV1GSPuR via @businessinsider",neutral,0.0,,,,,1271191729539026947,very subjective,1.0,,
NiazJohnson,self driving expert,2020-06-11 06:08:04,"@siyagule I think that $10k valuation level hinges on their ability to deliver real full self driving to market. Not being an AI expert I cant say I'm sure it will happen, I'm cautiously optimistic!",positive,0.575,,,,,1270960974682619909,very subjective,0.8569444444444445,,
BrianBernardLaw,self driving expert,2020-06-12 00:49:27,Self-Driving Cars and the Future of Personal Injury Law https://t.co/X3cQbPhcmA Texas LawyerHank Stouthttps://images.law.com/contrib/content/uploads/sites/401/2020/06/Hank-Stout-Article-202006111951.jpgAutomotive/Legal Services/Transportation/Commentary/Expert Opinion/Litigatio‚Ä¶,neutral,0.0,,,,,1271243182039277568,very objective,0.2125,,
BernardLawFirm,self driving expert,2020-06-12 00:33:28,Self-Driving Cars and the Future of Personal Injury Law Texas LawyerHank Stouthttps://images.law.com/contrib/content/uploads/sites/401/2020/06/Hank-Stout-Article-202006111951.jpgAutomotive/Legal Services/Transportation/Commentary/Expert Opinion/Litigatio‚Ä¶ https://t.co/i15hRFt7ub,neutral,0.0,,,,,1271239157835235330,very objective,0.2125,,
netdove,self driving expert,2020-06-13 17:01:06,An autonomous-vehicle expert reveals the 5 companies best positioned to survive the wave of consolidation headed for the self-driving car industry https://t.co/GYU9GjdX4e #technology,positive,1.0,,,,,1271850090370646018,objective,0.3,,
StarlettaSoCal,self driving expert,2020-06-13 14:30:02,An autonomous-vehicle expert reveals the 5 companies best positioned to survive the wave of consolidation headed for the self-driving car industry https://t.co/4zT2UblBj0,positive,1.0,,,,,1271812076265025536,objective,0.3,,
mlisse,self driving expert,2020-06-13 13:24:02,An autonomous-vehicle expert reveals the 5 companies best positioned to survive the wave of consolidation headed for the self-driving car industry https://t.co/ml0CFpWUA2 https://t.co/0vQsGY6MeQ,positive,1.0,,,,,1271795465403559937,objective,0.3,,
Principal_IT,self driving expert,2020-06-13 13:16:33,An autonomous-vehicle expert reveals the 5 companies best positioned to survive the wave of consolidation headed for the self-driving car industry https://t.co/SKPpCXvwrr https://t.co/hHn2GzNfL4,positive,1.0,,,,,1271793583767470082,objective,0.3,,
exchange_daily,self driving expert,2020-06-13 13:13:51,An autonomous-vehicle expert reveals the 5 companies best positioned to survive the wave of consolidation headed for the self-driving car¬†industry https://t.co/iaafJv28jQ,positive,1.0,,,,,1271792902818193409,objective,0.3,,
jazzdrummer420,self driving expert,2020-06-14 07:31:20,An autonomous-vehicle expert reveals the 5 companies best positioned to survive the wave of consolidation headed for the self-driving car industry https://t.co/HOZsD663aF,positive,1.0,,,,,1272069095677136896,objective,0.3,,
ItzQuauhtli,self driving expert,2020-06-15 19:20:00,An autonomous-vehicle expert reveals the 5 companies best positioned to survive the wave of consolidation headed for the self-driving car industry https://t.co/SBkVxQbtGm,positive,1.0,,,,,1272609824925196289,objective,0.3,,
InfoCepts,self driving expert,2020-06-15 15:09:46,"Tune in on June 18th for an expert webinar with Subhash Kari. Don't miss this chance to discuss new trends driving the self-service #BI analytics evolution. Register Now:  https://t.co/XY4PwY8I2z

#businessintelligence #infocepts #dataanalytics https://t.co/4YxBZbX5Lp",positive,0.13636363636363635,,,,,1272546850827091969,objective,0.45454545454545453,,
AutonomousMob,self driving expert,2020-06-15 10:00:13,An autonomous-vehicle expert reveals the 5 companies best positioned to survive the wave of consolidation headed for the self-driving car industry #AutonomousMobility https://t.co/6C2trkfThC,positive,1.0,,,,,1272468949758771200,objective,0.3,,
MaddNebraska,self driving expert,2020-06-16 13:52:54,It is a day of experts!  Join MADD for some expert discussion on self-driving cars here. And head to our Facebook for a local expert interview on teen safe driving! https://t.co/MmY89rbKO3,positive,0.20833333333333334,Happening today! https://t.co/qJNjwkEgLg,neutral,0.0,,1272889892985622528,very objective,0.16666666666666666,very objective,0.0
risedotglobal,self driving expert,2020-06-17 15:39:01,An autonomous-vehicle expert reveals the 5 companies best positioned to survive the wave of consolidation headed for the self-driving car industry https://t.co/1CGzAOJWd4,positive,1.0,,,,,1273278985347219456,objective,0.3,,
KonductorComms,self driving expert,2020-06-18 08:00:52,"Self-coaching is rocketing in popularity for driving up workplace efficiency.
Andrew Tallents, an author &amp; expert on the subject, gives his thoughts in our #CV19 #business guide. Sign up for a free copy. 
https://t.co/KqSrQnO5Lp
https://t.co/cDDZ2K17bT
https://t.co/iJTcOiZQvV",positive,0.11666666666666668,,,,,1273526079244906497,subjective,0.5666666666666667,,
sfewp,self driving expert,2020-06-19 16:56:02,"@lyndseyfifield I'm no expert/lawyer but

Think of your car as a deadly weapon, ie a gun.

If you would have been justified in shooting these attackers in self defense, you are justified in driving through these attackers in self defense.

Obviously one should try to escape the situation first.",positive,0.17,,,,,1274023145478008832,subjective,0.6066666666666667,,
IntEngineering,self driving expert,2020-06-20 15:30:00,"Andrej Karpathy took part in a CVPR‚Äô20 workshop where he shared his expert views on Tesla's self-driving features.
https://t.co/ylYY2SOKQ3 https://t.co/ak2HIBtdKC",neutral,0.0,,,,,1274363882182590465,very objective,0.0,,
jaygshah22,self driving expert,2020-06-21 19:25:28,"My 13th Ep with @SiddhaGanju, Self-Driving Architect at @nvidia &amp; #AI domain expert at @NASA-@FDL_AI.

Also featured in #forbes30under30 list in '19, &amp; author of @practicaldlbook, intern at @CERN, @DeepVisionInc. @SCSatCMU-graduate.

Link to the podcast: https://t.co/wMVHAiW3OZ https://t.co/lpMbeeEqTl",neutral,0.0,,,,,1274785525052801024,very objective,0.0,,
CatalyzeX,self driving expert,2020-06-22 19:29:05,"Latest from Uber researchers: Producing realistic simulations of LiDAR point clouds, the sensor of preference for most self-driving vehicles.

For project and code/API/expert request: https://t.co/q1ldrCy9lA

@RaquelUrtasun
@uberatg
@uber https://t.co/yKNpWGolMG",positive,0.38888888888888884,,,,,1275148823195561984,subjective,0.5777777777777778,,
Akipriganesh,self driving expert,2020-06-22 08:15:01,"Expert views on Tesla's self-driving features!

#AI #selfdriving #digital #manfuacturing  https://t.co/mTXyW2qDuq",neutral,0.0,,,,,1274979188605419520,very objective,0.0,,
KevinDigby71,self driving expert,2020-06-26 23:31:03,@kris_sims @ezralevant I am not a ‚Äòself-appointed expert‚Äô...but hitting someone with your car and driving away is pretty low.,positive,0.125,,,,,1276659267106414592,subjective,0.65,,
pepetideo,self driving expert,2020-06-27 19:34:02,"@MalFiBore @jpr007 Bannon knows nothing of self driving cars..
 He is a chip expert not a algorithmic policy software guy or a neural net developer",neutral,0.0,,,,,1276962010954182662,very objective,0.0,,
Benz_Expert,self driving expert,2020-06-27 19:15:23,"@Frandroid Compl√©ments :

* Rupture de la collaboration BMW avec Intel (d√©cid√©ment..)
* R√©sultat partenariat Nvidia en deux temps : Am√©liorations des syst√®mes de stationnements d√©j√† sup√©rieur √† Tesla (cerneau et bataille). Puis ensuite le self driving sur 4 (deuxi√®me mondial apr√®s Tesla).",neutral,0.0,,,,,1276957315841822720,very objective,0.0,,
wrenchnation,self driving expert,2020-06-28 15:35:52,"Sam Schwartz, ‚ÄúGridlock Sam,‚Äù America‚Äôs most celebrated transportation expert, describes in his book about the revolution in self-driving cars.

Could driving become illegal mid century ? Join us as Sam stops by the show 

https://t.co/fej3Du3OBS",positive,0.0875,,,,,1277264461720502273,objective,0.4375,,
Damienscully,self driving expert,2020-06-28 12:01:18,"Expert: In 50 years, self-driving cars will be ""unthinkable"" https://t.co/VDv2iWWPT6",negative,-0.05,,,,,1277210464641003523,very subjective,0.8,,
maxrambles,self driving expert,2020-07-01 14:17:05,"@haydew Including to say (of himself) that he's ""Self-centered, egotistical, and a self-proclaimed expert in all matters"". And that's before the brag about driving someone to suicide. Honestly the weirdest and most monstrous flex I've ever seen",positive,0.55,,,,,1278331798628569091,subjective,0.7,,
